{
    "O3": {
        "kimwitu++": {
            "task-clock": 670.330121108712,
            "context-switches": 116.15032018569799,
            "cpu-migrations": 0.12216944435630517,
            "page-faults": 501.1450172936064,
            "cycles": 328099189.1415525,
            "instructions": 27769632.62419359,
            "branches": 5716865.705846481,
            "branch-misses": 2046591.108351841,
            "max-rss": 1925.7475953496682,
            "wall-time": 0.6836417765887486
        },
        "sqlite3": {
            "task-clock": 948.755463821043,
            "context-switches": 126.42513154084459,
            "cpu-migrations": 0.545115226886432,
            "page-faults": 32.819683341769206,
            "cycles": 967262758.5211676,
            "instructions": 37324597.83226364,
            "branches": 7593565.709441556,
            "branch-misses": 1202500.3715695157,
            "max-rss": 455.51463929537164,
            "wall-time": 0.954931403097805
        },
        "consumer-typeset": {
            "task-clock": 477.81675771860665,
            "context-switches": 45.23506122865336,
            "cpu-migrations": 0.49511407436113575,
            "page-faults": 169.9244477868802,
            "cycles": 236413373.14194056,
            "instructions": 9857692.587813217,
            "branches": 2078686.5536984918,
            "branch-misses": 784262.9642215635,
            "max-rss": 5317.103417689914,
            "wall-time": 0.5287888844385258
        },
        "Bullet": {
            "task-clock": 1406.2443678094326,
            "context-switches": 122.40220530821652,
            "cpu-migrations": 1.8755972966918446,
            "page-faults": 262.9317564467409,
            "cycles": 553294614.7486209,
            "instructions": 22705257.113725666,
            "branches": 4330079.136279027,
            "branch-misses": 1524360.1049016442,
            "max-rss": 14803.798213709846,
            "wall-time": 1.542112699666036
        },
        "tramp3d-v4": {
            "task-clock": 1388.830334945894,
            "context-switches": 193.86829751080418,
            "cpu-migrations": 0.30818768180842854,
            "page-faults": 907.481029102988,
            "cycles": 1031160413.6798637,
            "instructions": 96751295.01027116,
            "branches": 21714137.215116467,
            "branch-misses": 2570748.1080687917,
            "max-rss": 624.7656067036378,
            "wall-time": 1.396104193799922
        },
        "mafft": {
            "task-clock": 512.8129976275719,
            "context-switches": 39.461842288899945,
            "cpu-migrations": 0.9017797368557968,
            "page-faults": 218.83261778988594,
            "cycles": 250231659.8800679,
            "instructions": 8372977.221907054,
            "branches": 1765214.6668865697,
            "branch-misses": 690897.4825531276,
            "max-rss": 3256.335069665584,
            "wall-time": 0.5483947628491691
        },
        "ClamAV": {
            "task-clock": 814.7600976502462,
            "context-switches": 72.18375716692506,
            "cpu-migrations": 1.7090495294123629,
            "page-faults": 274.73093288103274,
            "cycles": 358398887.230025,
            "instructions": 29965391.1542231,
            "branches": 7211164.82446745,
            "branch-misses": 960065.4032433088,
            "max-rss": 9439.031520129163,
            "wall-time": 0.9380752931084355
        },
        "lencod": {
            "task-clock": 842.58432913748,
            "context-switches": 58.798250680864705,
            "cpu-migrations": 1.157829813868736,
            "page-faults": 1039.0285046034885,
            "cycles": 314396331.9199667,
            "instructions": 27457030.872533813,
            "branches": 6010179.630368278,
            "branch-misses": 909961.4358291657,
            "max-rss": 6259.138688482978,
            "wall-time": 0.898417096375198
        },
        "SPASS": {
            "task-clock": 690.3376436538476,
            "context-switches": 71.4504537780742,
            "cpu-migrations": 1.663724223050909,
            "page-faults": 91.54564273494378,
            "cycles": 338251556.516652,
            "instructions": 15440575.004341045,
            "branches": 3325902.9904667563,
            "branch-misses": 1356019.265217742,
            "max-rss": 5320.904038972075,
            "wall-time": 0.8029362949846701
        },
        "7zip": {
            "task-clock": 2164.963077989761,
            "context-switches": 187.89060083812262,
            "cpu-migrations": 4.020863724713662,
            "page-faults": 426.13465637529254,
            "cycles": 874546653.5221505,
            "instructions": 33495265.16614973,
            "branches": 6410144.952937046,
            "branch-misses": 2049889.1700290025,
            "max-rss": 24767.760477631815,
            "wall-time": 2.426535929450748
        },
        "geomean": {
            "task-clock": 814.5696413384393,
            "context-switches": 58.66567736488789,
            "cpu-migrations": 0.7411154560763485,
            "page-faults": 236.80960543469533,
            "cycles": 356597922.05175275,
            "instructions": 16509585.822919713,
            "branches": 3392798.4041801747,
            "branch-misses": 730393.1216789902,
            "max-rss": 3273.800117301966,
            "wall-time": 0.878380682263377
        }
    },
    "ReleaseThinLTO": {
        "kimwitu++": {
            "task-clock": 848.2106747846883,
            "context-switches": 181.23889569690283,
            "cpu-migrations": 23.5000408979888,
            "page-faults": 648.3434584869523,
            "cycles": 597953133.8268359,
            "instructions": 42302795.207080096,
            "branches": 9314267.265346935,
            "branch-misses": 1973040.622019738,
            "max-rss": 3123.824230877653,
            "wall-time": 0.8800405504410712
        },
        "sqlite3": {
            "task-clock": 1385.459379714282,
            "context-switches": 334.445862324339,
            "cpu-migrations": 29.547132123685188,
            "page-faults": 218.46000413279032,
            "cycles": 1711090668.7244675,
            "instructions": 72568607.40208241,
            "branches": 16864545.783184413,
            "branch-misses": 1752368.9114049799,
            "max-rss": 990.8438609395762,
            "wall-time": 1.9029968391190175
        },
        "consumer-typeset": {
            "task-clock": 754.2572046012481,
            "context-switches": 147.16014746001133,
            "cpu-migrations": 27.87054132452934,
            "page-faults": 926.4532327603401,
            "cycles": 469831227.0021087,
            "instructions": 31583715.09536222,
            "branches": 7178212.850096061,
            "branch-misses": 1758483.5716098023,
            "max-rss": 3775.364694464611,
            "wall-time": 0.9333961906209818
        },
        "Bullet": {
            "task-clock": 1229.9637048921809,
            "context-switches": 173.26175286768938,
            "cpu-migrations": 31.527873132523787,
            "page-faults": 508.1704001471435,
            "cycles": 710352879.5134379,
            "instructions": 18061167.355660122,
            "branches": 4025029.4175424087,
            "branch-misses": 1327420.8521205978,
            "max-rss": 4912.011588475627,
            "wall-time": 1.7990976933386382
        },
        "tramp3d-v4": {
            "task-clock": 2472.1485202196986,
            "context-switches": 394.2994480421804,
            "cpu-migrations": 33.370533290390036,
            "page-faults": 1508.7341796904045,
            "cycles": 2475977846.6568766,
            "instructions": 79345829.82437679,
            "branches": 16005914.705959754,
            "branch-misses": 3515464.882174055,
            "max-rss": 1209.6490701472828,
            "wall-time": 2.8259657715259534
        },
        "mafft": {
            "task-clock": 490.0704064285198,