{
    "O3": {
        "kimwitu++": {
            "task-clock": 578.2778453608806,
            "context-switches": 108.03860165047236,
            "cpu-migrations": 0.1330273193606024,
            "page-faults": 524.5035403917941,
            "cycles": 522131009.22811955,
            "instructions": 34810782.626719475,
            "branches": 10059297.17566996,
            "branch-misses": 2238364.6385960164,
            "max-rss": 2044.0417927987312,
            "wall-time": 0.5948517871273882
        },
        "sqlite3": {
            "task-clock": 939.4117782353759,
            "context-switches": 117.87888030301662,
            "cpu-migrations": 0.501926789413059,
            "page-faults": 38.33034688439427,
            "cycles": 1702861228.3578334,
            "instructions": 72390544.32149142,
            "branches": 7882684.972253447,
            "branch-misses": 1720342.3333856477,
            "max-rss": 538.4984784803123,
            "wall-time": 0.9463058126840876
        },
        "consumer-typeset": {
            "task-clock": 414.38153304606413,
            "context-switches": 42.90442747595984,
            "cpu-migrations": 0.461866282943952,
            "page-faults": 184.82893213400502,
            "cycles": 391264367.98398656,
            "instructions": 21386002.728579707,
            "branches": 6565155.04560576,
            "branch-misses": 1009586.1240496775,
            "max-rss": 6326.27608443744,
            "wall-time": 0.4657377798039123
        },
        "Bullet": {
            "task-clock": 1182.8270022180259,
            "context-switches": 110.64965777809374,
            "cpu-migrations": 1.9313965912760622,
            "page-faults": 305.7024565754123,
            "cycles": 766790163.6610765,
            "instructions": 44005034.05415341,
            "branches": 19575970.738336567,
            "branch-misses": 1856988.1536217444,
            "max-rss": 18154.050096565858,
            "wall-time": 1.3094907986947217
        },
        "tramp3d-v4": {
            "task-clock": 1287.2261391715128,
            "context-switches": 181.55334487879745,
            "cpu-migrations": 0.48629876257963733,
            "page-faults": 927.3859800713066,
            "cycles": 1843643335.5989022,
            "instructions": 87990643.67961751,
            "branches": 27258302.611180786,
            "branch-misses": 3530996.67297026,
            "max-rss": 648.0906239758885,
            "wall-time": 1.2928228488842437
        },
        "mafft": {
            "task-clock": 446.3102700465745,
            "context-switches": 38.134413726921395,
            "cpu-migrations": 0.7908237400977469,
            "page-faults": 220.43796623871185,
            "cycles": 377879843.5131548,
            "instructions": 9088712.317698337,
            "branches": 9640298.384768361,
            "branch-misses": 1101697.1148833784,
            "max-rss": 3760.4897597184377,
            "wall-time": 0.4769701319335997
        },
        "ClamAV": {
            "task-clock": 682.543555795194,
            "context-switches": 67.39380559202033,
            "cpu-migrations": 1.8276573537814473,
            "page-faults": 266.2561205875309,
            "cycles": 540726861.5417012,
            "instructions": 113175049.08739324,
            "branches": 6633226.994853033,
            "branch-misses": 1467833.9579102942,
            "max-rss": 12019.372657443779,
            "wall-time": 0.790577386831202
        },
        "lencod": {
            "task-clock": 720.912118942874,
            "context-switches": 58.29479996831794,
            "cpu-migrations": 1.0056148672634375,
            "page-faults": 1103.0436346646766,
            "cycles": 552095541.5909188,
            "instructions": 48384529.36739485,
            "branches": 17567759.131469134,
            "branch-misses": 1437653.5146827823,
            "max-rss": 7111.287185253134,
            "wall-time": 0.7728580855076929
        },
        "SPASS": {
            "task-clock": 576.7366659598915,
            "context-switches": 60.985951475309285,
            "cpu-migrations": 1.433084890623129,
            "page-faults": 107.12447203908407,
            "cycles": 410538742.4440633,
            "instructions": 16779110.940524478,
            "branches": 8504872.633894267,
            "branch-misses": 1440552.9776937035,
            "max-rss": 6588.881843862504,
            "wall-time": 0.6640223397084756
        },
        "7zip": {
            "task-clock": 1850.296146509779,
            "context-switches": 165.66973006394215,
            "cpu-migrations": 3.823654615722322,
            "page-faults": 489.0609221616317,
            "cycles": 1200074011.7145703,
            "instructions": 70612804.25255561,
            "branches": 19827214.325285997,
            "branch-misses": 2363815.2787650735,
            "max-rss": 29877.72773841429,
            "wall-time": 2.0894791133029296
        }
    },
    "ReleaseThinLTO": {
        "kimwitu++": {
            "task-clock": 746.8062708107034,
            "context-switches": 182.43500279422872,
            "cpu-migrations": 23.24437906895253,
            "page-faults": 691.688728618081,
            "cycles": 681983430.7581968,
            "instructions": 49807026.17476975,
            "branches": 14932657.059703734,
            "branch-misses": 2222433.9401374417,
            "max-rss": 3363.3894530090643,
            "wall-time": 0.794394595580668
        },
        "sqlite3": {
            "task-clock": 1288.467194687302,
            "context-switches": 292.5398822209251,
            "cpu-migrations": 28.181532273126336,
            "page-faults": 212.07644441431552,
            "cycles": 2016524368.2425191,
            "instructions": 106363378.03896149,
            "branches": 17080394.21961003,
            "branch-misses": 1875944.551467024,
            "max-rss": 965.6406333050785,
            "wall-time": 1.740437414508892
        },
        "consumer-typeset": {
            "task-clock": 656.3119048683847,
            "context-switches": 138.96056957655253,
            "cpu-migrations": 27.24211007122174,
            "page-faults": 970.2815417134516,
            "cycles": 517963895.71978617,
            "instructions": 43357877.75665186,
            "branches": 11330752.760513937,
            "branch-misses": 1822284.6762659748,
            "max-rss": 5880.888445189375,
            "wall-time": 0.7785729074407682
        },
        "Bullet": {
            "task-clock": 1059.2341164098257,
            "context-switches": 164.68945440792166,
            "cpu-migrations": 31.356287715213984,
            "page-faults": 482.1940191168614,
            "cycles": 801936448.9236294,
            "instructions": 41029872.952682726,
            "branches": 18340947.40380786,
            "branch-misses": 1418516.418371641,
            "max-rss": 11897.447688610257,
            "wall-time": 1.5565433743983934
        },
        "tramp3d-v4": {
            "task-clock": 2249.0841671283915,
            "context-switches": 801.3529387833944,
            "cpu-migrations": 31.359499278220227,
            "page-faults": 1829.5837145462403,
            "cycles": 2793202243.4572906,
            "instructions": 102725922.5114784,
            "branches": 28976915.88416341,
            "branch-misses": 3631334.663526577,
            "max-rss": 1396.862425962427,
            "wall-time": 2.701703581855068
        },
        "mafft": {
            "task-clock": 428.1527145949666,
            "context-switches": 94.35409190355581,
            "cpu-migrations": 5.95327149065465,
            "page-faults": 597.3712509977873,
            "cycles": 405424946.64732814,
            "instructions": 12113441.660913609,
            "branches": 10270149.203748854,
            "branch-misses": 1213340.4657271444,
            "max-rss": 3192.988731564369,
            "wall-time": 0.46143110159444245
        },
        "ClamAV": {
            "task-clock": 881.3909095187333,